ssn,first_name,last_name,n,e,can_vote_on
123456780,Fredi,Waison,066643104198055316827745328373613841191266014815723426665349,65537,"{""COMDOM"": {""sig"": null, ""timestamp"": null}}"
123456781,Cassondra,Kovelmann,782593691890939376674969050043007010316013493519683135268638,65537,"{""COMDOM"": {""sig"": null, ""timestamp"": null}}"
123456782,Thornton,Kimmins,092541759618559170779427908188500030966620330534700503249445,65537,"{""COMDOM"": {""sig"": null, ""timestamp"": null}}"
123456783,Jerrilyn,Thornham,979886378883047081211586352240590842993597650165143228234005,65537,"{""COMDOM"": {""sig"": null, ""timestamp"": null}}"
123456784,Cahra,Clement,401456590979053643748280181174668971977386206249395048763702,65537,"{""COMDOM"": {""sig"": null, ""timestamp"": null}}"
123456785,Arther,Tomczynski,023297467441834092383362573800142381016284542309584836243014,65537,"{""COMDOM"": {""sig"": null, ""timestamp"": null}}"
123456786,Edward,Fiveash,493960366903448481640232222297192050799269607192633361242629,65537,"{""COMDOM"": {""sig"": null, ""timestamp"": null}}"
123456787,Cecelia,Leverentz,796555794675574934619345500012269891037978321976925830499192,65537,"{""COMDOM"": {""sig"": null, ""timestamp"": null}}"
123456788,Ellsworth,Bohike,211889415844202056080892164827053823317082092956953550054540,65537,"{""COMDOM"": {""sig"": null, ""timestamp"": null}}"
123456789,Chucho,McCarthy,989366723472332577720024805946524439721501164975323678670909,65537,"{""COMDOM"": {""sig"": null, ""timestamp"": null}}"
321519910,Mahmoud,Hub,239336476139963327089695850646793168869031004623037411157048,65537,"{""COMDOM"": {""sig"": null, ""timestamp"": null}}"
443788074,Stafani,Marrian,807011948810412295624637226673513252401566427375667420753908,65537,"{""COMDOM"": {""sig"": null, ""timestamp"": null}}"
345582011,Orella,Le Hucquet,926654040257002077735014352519843423649122580249069812440140,65537,"{""COMDOM"": {""sig"": null, ""timestamp"": null}}"
664253816,Margaretta,Leisman,061288125313805945457765229115934714351375865808979509702700,65537,"{""COMDOM"": {""sig"": null, ""timestamp"": null}}"
364459630,Spense,Marrington,876261280154244112912860593502878641954582151653310229179576,65537,"{""COMDOM"": {""sig"": null, ""timestamp"": null}}"
928945038,Xaviera,Dmytryk,108100882948342549213324321158855401139548225199599031710973,65537,"{""COMDOM"": {""sig"": null, ""timestamp"": null}}"
744443923,Nelie,Jenik,002228263667509917560563351728345855074321948258123315981521,65537,"{""COMDOM"": {""sig"": null, ""timestamp"": null}}"
290176937,Debora,Nann,790307861150591080789042619956770270113281475373003574293041,65537,"{""COMDOM"": {""sig"": null, ""timestamp"": null}}"
451461446,Ashla,Rome,172297003145348547775620122027711631119943748049441595964108,65537,"{""COMDOM"": {""sig"": null, ""timestamp"": null}}"
182003127,Vinni,Puleque,483805880422031975614906566510733371667454261791187000335313,65537,"{""COMDOM"": {""sig"": null, ""timestamp"": null}}"
397867399,Mahmud,Banaszczyk,479417172061357371316215067101248349262173120939364138811754,65537,"{""COMDOM"": {""sig"": null, ""timestamp"": null}}"
273567007,Hatti,Janczyk,888015997560483934881210662391124623585372171293765173170478,65537,"{""COMDOM"": {""sig"": null, ""timestamp"": null}}"
913868132,Elyse,Burkwood,031607731380508879429475794596068925038803912560605647467165,65537,"{""COMDOM"": {""sig"": null, ""timestamp"": null}}"
588414861,Billie,O'Logan,223500242985257061429081906536531962434499758355780506132327,65537,"{""COMDOM"": {""sig"": null, ""timestamp"": null}}"
871398772,Nedda,Morkham,833255213409937238058854532495457709172696407181478854553866,65537,"{""COMDOM"": {""sig"": null, ""timestamp"": null}}"
514308376,Linet,MacPaden,835674319609363033900141736954077769288195754101792002713685,65537,"{""COMDOM"": {""sig"": null, ""timestamp"": null}}"
126602567,Dede,Chapple,493971392901760462742737332451429338318270628982453525913454,65537,"{""COMDOM"": {""sig"": null, ""timestamp"": null}}"
405163898,Pen,Piffe,962572292358846814482403975874395605958355130356761378142776,65537,"{""COMDOM"": {""sig"": null, ""timestamp"": null}}"
555189357,Donetta,Garthside,546646907410116425163159422169704920449647175382209749895435,65537,"{""COMDOM"": {""sig"": null, ""timestamp"": null}}"
817993123,Hesther,O'Malley,158785686052409488121796292326813999010286239677860283570644,65537,"{""COMDOM"": {""sig"": null, ""timestamp"": null}}"
712741788,Wallis,Jorez,647206750075520611179677896279244759501433455036256076657972,65537,"{""COMDOM"": {""sig"": null, ""timestamp"": null}}"
512029373,Lebbie,Puckham,487145013729835861641334965794283919892576396608655288428496,65537,"{""COMDOM"": {""sig"": null, ""timestamp"": null}}"
208656589,Winonah,Tee,623403411511724498951777439960540308417007110301494231046686,65537,"{""COMDOM"": {""sig"": null, ""timestamp"": null}}"
127033581,Papagena,Tolland,528328827600084057399329045117818875291773241352190886534912,65537,"{""COMDOM"": {""sig"": null, ""timestamp"": null}}"
360855363,Costanza,Balden,251022001311183025871511135701612978551346676883689145851558,65537,"{""COMDOM"": {""sig"": null, ""timestamp"": null}}"
590861026,Stacy,Petegree,101665167884736716008075673531949045706746648443397424624255,65537,"{""COMDOM"": {""sig"": null, ""timestamp"": null}}"
903644960,Toni,Taveriner,774882151930602831085367861749104206573193443582172762674811,65537,"{""COMDOM"": {""sig"": null, ""timestamp"": null}}"
372264456,Katharyn,Brafferton,128418549421896792923482277425590530617019254347565354839025,65537,"{""COMDOM"": {""sig"": null, ""timestamp"": null}}"
611202735,Leda,Honacker,330149616152887401501326908392231628600140164489369891006205,65537,"{""COMDOM"": {""sig"": null, ""timestamp"": null}}"
403788794,Courtnay,Money,170028756645634947700338695794138434532881063397828319568181,65537,"{""COMDOM"": {""sig"": null, ""timestamp"": null}}"
851185120,Orlan,McLeman,196921994462250492505625609599761717502983409760495431913397,65537,"{""COMDOM"": {""sig"": null, ""timestamp"": null}}"
993385221,Waldo,Exell,265027817057264206030085125404691404586282675699017554049714,65537,"{""COMDOM"": {""sig"": null, ""timestamp"": null}}"
998067148,Constantino,Gettens,648855504378117818932327106413257029710487394883426881111872,65537,"{""COMDOM"": {""sig"": null, ""timestamp"": null}}"
222701073,Anastassia,Jelleman,656291618026852953746059183739868336472536895695623343078309,65537,"{""COMDOM"": {""sig"": null, ""timestamp"": null}}"
918036457,Hurleigh,Crumpton,410531209155027157115611808427430110132641802868138224860801,65537,"{""COMDOM"": {""sig"": null, ""timestamp"": null}}"
175407142,Reuven,Brookbank,380473548517137916867354736228322269074249865232890078227631,65537,"{""COMDOM"": {""sig"": null, ""timestamp"": null}}"
640856138,Galvan,Lindman,754169681575778721636633026880361511953961191208349328418960,65537,"{""COMDOM"": {""sig"": null, ""timestamp"": null}}"
870497254,Wilbur,Prangle,311137559166016552799299827717954440909982450576911847414316,65537,"{""COMDOM"": {""sig"": null, ""timestamp"": null}}"
738914388,Joanne,Trenfield,860101660204637890230812466670867935397193587729136345754126,65537,"{""COMDOM"": {""sig"": null, ""timestamp"": null}}"
918325263,Lyndy,Castelin,255340158796048745329834915492871574275135415394919821430062,65537,"{""COMDOM"": {""sig"": null, ""timestamp"": null}}"
297894537,Tobey,Reavell,285053580607513616682934019936980992336313711886934705756931,65537,"{""COMDOM"": {""sig"": null, ""timestamp"": null}}"
761235194,Alanah,Antoinet,388699173155250342511743880114485823046802068640752339703167,65537,"{""COMDOM"": {""sig"": null, ""timestamp"": null}}"
847261067,Stephi,Shackleton,008756091867886428071647174703372848428325258150581869660256,65537,"{""COMDOM"": {""sig"": null, ""timestamp"": null}}"
809647938,Bethina,Behrend,637389693136638491735505032525427174458806086532573443798424,65537,"{""COMDOM"": {""sig"": null, ""timestamp"": null}}"
433860176,Dedie,Sissel,276811935023155804340427744751127433171570420597178731004454,65537,"{""COMDOM"": {""sig"": null, ""timestamp"": null}}"
611674644,Nealon,Alleyne,103323876776673236803402486574247873518730696597384848958124,65537,"{""COMDOM"": {""sig"": null, ""timestamp"": null}}"
204816829,Patricio,Rockliffe,549141830108415694811953664970396095121693830671398624539186,65537,"{""COMDOM"": {""sig"": null, ""timestamp"": null}}"
600456547,Rivalee,Papierz,535349309291730305646975006858981503911213385349177795127898,65537,"{""COMDOM"": {""sig"": null, ""timestamp"": null}}"
124137497,Donalt,Hartly,573310322832053235609288648249540822678924784960847952232647,65537,"{""COMDOM"": {""sig"": null, ""timestamp"": null}}"
157082304,Kay,Sammut,904306408569703821158456398004221672807803335418997432090921,65537,"{""COMDOM"": {""sig"": null, ""timestamp"": null}}"
590494714,Yorke,Yearnes,421623690177776124219806395531463308198949855327401137251657,65537,"{""COMDOM"": {""sig"": null, ""timestamp"": null}}"
536226746,Ambrosius,Asquith,790490620277488760322984493735753986596102279357991836989206,65537,"{""COMDOM"": {""sig"": null, ""timestamp"": null}}"
389723511,Tani,MacDaid,961132812224789403367326830347250278508646614069482683461739,65537,"{""COMDOM"": {""sig"": null, ""timestamp"": null}}"
839777768,Esra,Baitson,728571009956348387215599372856902122736882328806207470735433,65537,"{""COMDOM"": {""sig"": null, ""timestamp"": null}}"
889822487,Kip,Wanek,504584316367282002602685636363353341068464275877972329910289,65537,"{""COMDOM"": {""sig"": null, ""timestamp"": null}}"
320845314,Hugibert,Spridgeon,488388207075171933539187921419508996058879732257215298123751,65537,"{""COMDOM"": {""sig"": null, ""timestamp"": null}}"
